timestamp,exchange,open,high,low,close,volume,trade_count,vwap,symbol
2021-01-01 06:00:00+00:00,CBSE,29413.29,29683.5,29039.0,29683.03,4431.83789359,44893,29419.8388451818,BTCUSD
2021-01-02 06:00:00+00:00,CBSE,32222.88,34205.0,32008.62,33779.48,7955.01755846,87151,33089.6716648445,BTCUSD
2021-01-03 06:00:00+00:00,CBSE,33082.83,33666.99,32453.37,32903.87,7401.19521466,77379,33140.7756780848,BTCUSD
2021-01-04 06:00:00+00:00,CBSE,32020.22,32890.0,30020.0,30460.19,11908.47581233,105838,31772.4310046934,BTCUSD
2021-01-05 06:00:00+00:00,CBSE,34043.91,35848.99,33352.54,35130.05,11648.27911569,99854,34520.5398245299,BTCUSD
2021-01-06 06:00:00+00:00,CBSE,36859.26,37823.0,36511.51,37505.58,10013.72963072,115723,37234.4530560515,BTCUSD
2021-01-07 06:00:00+00:00,CBSE,39510.55,39750.0,36579.0,38000.87,10491.71558376,120234,38324.7954578041,BTCUSD
2021-01-08 06:00:00+00:00,CBSE,38001.76,41986.37,37572.01,40665.15,30972.07218867,327880,40385.1167342787,BTCUSD
2021-01-09 06:00:00+00:00,CBSE,40255.4,41452.12,40205.0,40571.12,5789.46131543,76564,40812.1711431834,BTCUSD
2021-01-10 06:00:00+00:00,CBSE,38168.89,38273.88,33333.34,34847.17,16737.69708304,168777,35955.6032291338,BTCUSD
2021-01-11 06:00:00+00:00,CBSE,34848.67,36342.52,30100.0,35461.96,50760.60940986,476925,33329.0051994745,BTCUSD
2021-01-12 06:00:00+00:00,CBSE,35896.95,36604.51,32507.14,34038.98,28740.62177614,265313,34701.8510250363,BTCUSD
2021-01-13 06:00:00+00:00,CBSE,37393.67,38192.34,36751.11,37546.15,7904.34266134,76349,37506.0139957507,BTCUSD
2021-01-14 06:00:00+00:00,CBSE,39123.05,39697.0,37800.0,37800.01,5811.34455512,66276,38938.4327494447,BTCUSD
2021-01-15 06:00:00+00:00,CBSE,37800.01,38740.0,34298.93,36754.67,27412.85780201,289328,36380.0654827066,BTCUSD
2021-01-16 06:00:00+00:00,CBSE,35866.33,37948.0,35372.59,36006.94,13307.64643895,155045,36783.0795424473,BTCUSD
2021-01-17 06:00:00+00:00,CBSE,35820.01,36200.0,34736.46,35334.39,4448.14839494,51941,35448.2330881002,BTCUSD
2021-01-18 06:00:00+00:00,CBSE,36624.23,37329.56,36200.0,36297.36,5214.09647316,56836,36743.4002228899,BTCUSD
2021-01-19 06:00:00+00:00,CBSE,35921.91,36415.34,34780.0,35504.84,6227.85553522,68206,35597.7371571305,BTCUSD
2021-01-20 06:00:00+00:00,CBSE,35498.85,35628.24,33932.82,34563.12,4450.7770464,58615,34663.1189676123,BTCUSD
2021-01-21 06:00:00+00:00,CBSE,34561.13,34998.11,30011.0,30855.95,41125.90530534,384465,31871.0324436585,BTCUSD
2021-01-22 06:00:00+00:00,CBSE,31831.6,33867.0,30450.26,32984.93,23998.92138883,237997,32402.3462094714,BTCUSD
2021-01-23 06:00:00+00:00,CBSE,32110.0,32994.13,31676.38,32865.87,3290.337515,41877,32362.9256356094,BTCUSD
2021-01-24 06:00:00+00:00,CBSE,32293.18,33793.43,32210.17,33356.55,6079.09186876,57572,33030.518321234,BTCUSD
2021-01-25 06:00:00+00:00,CBSE,32260.52,32845.16,31435.34,32090.1,6272.46728485,64515,32174.1814832506,BTCUSD
2021-01-26 06:00:00+00:00,CBSE,32510.82,32584.62,31420.69,31551.72,4995.55601014,56671,31996.6516840187,BTCUSD
2021-01-27 06:00:00+00:00,CBSE,31556.28,31936.16,29200.0,30407.13,38417.93193009,298822,30656.5202705576,BTCUSD
2021-01-28 06:00:00+00:00,CBSE,33487.92,34433.04,32729.0,33052.81,16333.57023029,143680,33787.707047472,BTCUSD
2021-01-29 06:00:00+00:00,CBSE,33050.01,38664.33,31990.0,34262.11,50440.88211659,434408,35845.9556657157,BTCUSD
2021-01-30 06:00:00+00:00,CBSE,33513.67,34814.59,33147.81,34315.63,13342.78871891,177918,34046.7399264084,BTCUSD
2021-01-31 06:00:00+00:00,CBSE,33137.75,33958.34,32333.0,33800.0,5351.79717792,63708,33243.0416366757,BTCUSD
2021-02-01 06:00:00+00:00,CBSE,33534.39,34161.18,33450.0,34022.03,4021.69056496,51866,33799.6242866402,BTCUSD
2021-02-02 06:00:00+00:00,CBSE,35513.0,36888.0,35393.8,36524.72,5911.13879169,73010,36256.5341877332,BTCUSD
2021-02-03 06:00:00+00:00,CBSE,37688.42,38360.88,37384.69,37632.75,8564.53161137,91496,37885.9078517832,BTCUSD
2021-02-04 06:00:00+00:00,CBSE,37632.75,38769.0,36156.45,36975.0,22380.8798223,243852,37350.9149096188,BTCUSD
2021-02-05 06:00:00+00:00,CBSE,38327.09,39682.01,38250.0,39056.37,8992.48005606,106470,39067.1930120814,BTCUSD
2021-02-06 06:00:00+00:00,CBSE,39057.05,41000.0,39039.44,39265.43,16873.12712461,218043,40143.1870744099,BTCUSD
2021-02-07 06:00:00+00:00,CBSE,38871.43,39190.56,38057.01,38701.98,3542.34194999,52583,38593.2834080274,BTCUSD
2021-02-08 06:00:00+00:00,CBSE,38703.08,46750.0,38642.9,46448.1,36831.61466582,409804,43411.5189287973,BTCUSD
2021-02-09 06:00:00+00:00,CBSE,46949.44,48200.0,45020.0,46514.73,22791.48204645,306485,46770.125490537,BTCUSD
2021-02-10 06:00:00+00:00,CBSE,46180.31,47349.99,43706.86,44850.0,18160.58959965,272432,45286.6298070162,BTCUSD
2021-02-11 06:00:00+00:00,CBSE,47993.6,48912.0,46951.25,47300.88,7090.8092667,92000,47869.78545156,BTCUSD
2021-02-12 06:00:00+00:00,CBSE,47295.72,48200.0,46300.0,47408.34,15553.54211469,246196,47451.2236894191,BTCUSD
2021-02-13 06:00:00+00:00,CBSE,47975.72,48000.0,46300.0,47232.45,8399.28070259,175644,47057.5067071046,BTCUSD
2021-02-14 06:00:00+00:00,CBSE,48667.23,49093.44,45768.46,46785.73,8363.77909299,129397,47233.2038345442,BTCUSD
2021-02-15 06:00:00+00:00,CBSE,47935.66,49900.0,47051.22,49163.27,6071.57442457,93414,48788.6875193925,BTCUSD
2021-02-16 06:00:00+00:00,CBSE,49141.43,50209.0,48942.87,49737.0,4886.40678059,79785,49584.8252726877,BTCUSD
2021-02-17 06:00:00+00:00,CBSE,49745.83,52640.35,49658.66,52170.01,19633.59385472,280339,51360.1564145642,BTCUSD
2021-02-18 06:00:00+00:00,CBSE,51596.0,51949.0,50725.0,51491.52,4107.57336494,72183,51285.7542522878,BTCUSD
2021-02-19 06:00:00+00:00,CBSE,55983.57,56596.0,55398.63,55714.44,5287.77903443,146786,56053.0002495066,BTCUSD
2021-02-20 06:00:00+00:00,CBSE,55714.45,57563.57,54000.1,55923.52,15304.00056077,362140,56456.8709975789,BTCUSD
2021-02-21 06:00:00+00:00,CBSE,57489.16,57577.69,55150.0,55899.97,6469.18006694,140734,56422.4363971549,BTCUSD
2021-02-22 06:00:00+00:00,CBSE,54125.67,54206.22,48543.67,49975.25,12763.5768982,197679,51314.450061487,BTCUSD
2021-02-23 06:00:00+00:00,CBSE,49940.0,51301.6,44888.08,48899.99,47372.05531016,720718,47806.5825009314,BTCUSD
2021-02-24 06:00:00+00:00,CBSE,50234.41,51415.41,48078.62,49737.82,19248.67425074,323557,49629.4950811501,BTCUSD
2021-02-25 06:00:00+00:00,CBSE,47063.9,47822.93,45510.0,45527.11,10264.60152271,180478,46865.4331096618,BTCUSD
2021-02-26 06:00:00+00:00,CBSE,45525.01,48464.64,44150.0,46326.2,23353.53616244,362765,46502.2094665019,BTCUSD
2021-02-27 06:00:00+00:00,CBSE,46169.92,46655.64,44250.0,44804.85,5479.1781351,126211,45353.6246507562,BTCUSD
2021-02-28 06:00:00+00:00,CBSE,44814.48,45998.0,43016.0,45231.75,15418.5578013,323486,44371.8469633075,BTCUSD
2021-03-01 06:00:00+00:00,CBSE,46238.49,49829.0,45680.0,49639.4,18294.2327809,335673,48358.8184865145,BTCUSD
2021-03-02 06:00:00+00:00,CBSE,48706.45,49750.0,47075.11,48511.6,11227.82272561,236698,48227.6971538458,BTCUSD
2021-03-03 06:00:00+00:00,CBSE,49110.72,52666.0,49110.72,50360.0,17289.19820601,293925,51038.3652888759,BTCUSD
2021-03-04 06:00:00+00:00,CBSE,48358.13,48358.13,46250.32,47229.98,198.3535536,3028,46863.6955331084,BTCUSD
2021-03-05 06:00:00+00:00,CBSE,48766.01,49174.91,48084.04,48481.65,2907.08685258,71494,48624.9753056644,BTCUSD
2021-03-06 06:00:00+00:00,CBSE,48909.84,49910.95,48909.83,49366.61,3275.04530268,65124,49393.4976614415,BTCUSD
2021-03-07 06:00:00+00:00,CBSE,50976.22,51846.5,50133.91,50815.72,4797.36025917,82180,50969.2661904345,BTCUSD
2021-03-08 06:00:00+00:00,CBSE,52413.17,54444.0,51845.01,54288.08,7383.45607954,129638,53418.8137357298,BTCUSD
2021-03-09 06:00:00+00:00,CBSE,54921.61,55861.0,53025.0,53674.27,8190.40204534,115292,54376.5079476196,BTCUSD
2021-03-10 06:00:00+00:00,CBSE,53674.27,57402.14,53544.62,55890.69,18253.0709487,292523,56082.6306945205,BTCUSD
2021-03-11 06:00:00+00:00,CBSE,57820.15,58065.92,56357.58,57160.98,5169.36687704,112476,57086.4498514417,BTCUSD
2021-03-12 06:00:00+00:00,CBSE,57220.84,57290.68,56083.74,56731.11,2671.02247078,76540,56555.2248223689,BTCUSD
2021-03-13 06:00:00+00:00,CBSE,56731.12,61788.45,56493.71,61178.5,17903.70569768,347294,59887.382538661,BTCUSD
2021-03-14 06:00:00+00:00,CBSE,58967.37,60601.07,58740.0,59754.48,4150.41724219,80088,59861.6298431653,BTCUSD
2021-03-15 05:00:00+00:00,CBSE,59754.48,59923.43,54568.0,55636.15,24035.30965762,451076,56676.6582657828,BTCUSD
2021-03-16 05:00:00+00:00,CBSE,56924.26,57179.0,55418.14,55587.32,2853.30279151,78320,56247.129337999,BTCUSD
2021-03-17 05:00:00+00:00,CBSE,55587.32,58996.38,54166.12,58925.54,18613.99874731,371406,56379.224289899,BTCUSD
2021-03-18 05:00:00+00:00,CBSE,57644.95,58254.16,56260.0,57887.82,4328.66941188,92875,57271.075795387,BTCUSD
2021-03-19 05:00:00+00:00,CBSE,57887.81,59461.99,57452.0,58039.66,11253.8478632,290113,58575.6777475057,BTCUSD
2021-03-20 05:00:00+00:00,CBSE,58126.34,58651.22,56750.0,56921.67,3461.86617299,75614,57803.5634958862,BTCUSD
2021-03-21 05:00:00+00:00,CBSE,57377.29,57820.61,56325.0,57610.01,2466.90364298,68599,56905.698283135,BTCUSD
2021-03-22 05:00:00+00:00,CBSE,54111.49,55396.95,53812.0,54461.43,3565.61132532,92872,54670.6377118693,BTCUSD
2021-03-23 05:00:00+00:00,CBSE,54333.27,54738.0,53527.0,54106.54,3063.59480418,74779,54193.2952375806,BTCUSD
2021-03-24 05:00:00+00:00,CBSE,52259.69,52777.0,51500.0,52239.64,5646.30393432,123451,52227.4654657689,BTCUSD
2021-03-25 05:00:00+00:00,CBSE,52239.63,53238.0,50305.0,51325.01,22925.02561778,421101,51723.0355941786,BTCUSD
2021-03-26 05:00:00+00:00,CBSE,52735.46,55125.13,52420.0,55072.44,14926.17132617,287924,53596.4024799582,BTCUSD
2021-03-27 05:00:00+00:00,CBSE,54997.59,56640.0,53966.0,55856.53,8375.6805741,205979,55363.7710071073,BTCUSD
2021-03-28 05:00:00+00:00,CBSE,55781.22,55908.93,54962.19,55324.04,1957.14604902,51803,55351.5112817673,BTCUSD
2021-03-29 05:00:00+00:00,CBSE,55308.04,58400.0,54900.0,57613.48,15293.56718811,285003,57536.966482614,BTCUSD
2021-03-30 05:00:00+00:00,CBSE,58786.46,59093.0,58426.03,58740.77,2316.8744018,61384,58819.6945813358,BTCUSD
2021-03-31 05:00:00+00:00,CBSE,58800.01,59333.16,58650.01,58922.22,1775.70371131,62327,59044.8950076585,BTCUSD
2021-04-01 05:00:00+00:00,CBSE,58925.14,59474.94,57930.0,58726.48,9045.87574946,261187,58781.3332673098,BTCUSD
2021-04-02 05:00:00+00:00,CBSE,58981.04,59479.0,58941.2,59401.81,1262.04383187,44534,59265.6325396521,BTCUSD
2021-04-03 05:00:00+00:00,CBSE,59401.8,59752.0,56943.0,57094.34,6764.19549789,190378,58396.1046622685,BTCUSD
2021-04-04 05:00:00+00:00,CBSE,58216.73,58424.0,57300.0,57307.92,1373.42518622,47401,57710.3108174284,BTCUSD
2021-04-05 05:00:00+00:00,CBSE,59134.07,59475.0,58000.0,58775.23,2051.84845924,57284,59051.9402259528,BTCUSD
2021-04-06 05:00:00+00:00,CBSE,58021.67,58207.57,57239.35,57645.47,2167.69924029,64285,57641.3395704227,BTCUSD
2021-04-07 05:00:00+00:00,CBSE,57645.47,58630.0,55401.99,55955.75,14534.41345879,334107,56525.4258025636,BTCUSD
2021-04-08 05:00:00+00:00,CBSE,56915.02,58152.0,56346.89,58083.1,6470.54303548,186221,57479.6436592002,BTCUSD
2021-04-09 05:00:00+00:00,CBSE,58092.68,61000.0,57875.41,60951.61,4027.61089956,84680,59548.1219883914,BTCUSD
2021-04-10 05:00:00+00:00,CBSE,60951.62,61218.97,58370.0,59778.6,8433.51995731,215891,60080.2485273255,BTCUSD
2021-04-11 05:00:00+00:00,CBSE,59983.66,60570.0,59542.31,60088.62,2221.65599112,58184,59993.0829371582,BTCUSD
2021-04-12 05:00:00+00:00,CBSE,59836.88,61055.0,59799.01,60571.22,3793.79010488,71892,60547.3911067158,BTCUSD
2021-04-13 05:00:00+00:00,CBSE,63588.22,64311.39,63110.81,64303.77,3030.46952827,87794,63548.9187808616,BTCUSD
2021-04-14 05:00:00+00:00,CBSE,64303.78,64899.0,61277.91,62971.8,18769.19267458,381090,63207.9395936212,BTCUSD
2021-04-15 05:00:00+00:00,CBSE,63229.04,63604.34,61682.27,61712.36,4295.13826963,113201,62937.9684605797,BTCUSD
2021-04-16 05:00:00+00:00,CBSE,61716.42,62242.89,60048.43,61427.27,14623.82163868,385840,61331.6436040579,BTCUSD
2021-04-17 05:00:00+00:00,CBSE,60067.2,60437.97,51300.0,54986.39,9904.90730719,237661,56814.5617408624,BTCUSD
2021-04-18 05:00:00+00:00,CBSE,54988.16,56790.7,53134.65,56274.41,20783.83193255,497201,55420.3600956763,BTCUSD
2021-04-19 05:00:00+00:00,CBSE,55696.83,55843.0,53610.0,55353.73,5531.77578872,139257,54704.455461073,BTCUSD
2021-04-20 05:00:00+00:00,CBSE,55353.73,57111.0,53430.01,56499.29,12672.65290542,326191,55812.6564235553,BTCUSD
2021-04-21 05:00:00+00:00,CBSE,53795.62,54679.57,51300.0,54279.41,7374.07456362,151510,53327.4833182152,BTCUSD
2021-04-22 05:00:00+00:00,CBSE,51695.98,52130.58,48500.0,49138.85,13697.07567129,284425,50167.409888016,BTCUSD
2021-04-23 05:00:00+00:00,CBSE,49138.85,51500.0,47464.65,51187.27,25061.03668803,561925,49559.6128825467,BTCUSD
2021-04-24 05:00:00+00:00,CBSE,50101.42,50497.94,49411.76,49699.42,2082.70332621,56756,49966.4725592798,BTCUSD
2021-04-25 05:00:00+00:00,CBSE,49121.0,52773.02,48817.62,52360.47,5709.51040152,107170,51358.7959385589,BTCUSD
2021-04-26 05:00:00+00:00,CBSE,52360.47,54400.0,52131.16,54053.6,12278.17901244,277416,53503.5077630156,BTCUSD
2021-04-27 05:00:00+00:00,CBSE,55069.61,55794.43,54722.94,54894.13,2999.02062548,75400,55335.6181072387,BTCUSD
2021-04-28 05:00:00+00:00,CBSE,54889.81,55226.86,53601.09,53625.09,2255.28943483,66534,54453.1957085109,BTCUSD
2021-04-29 05:00:00+00:00,CBSE,53580.0,54250.0,53068.43,54178.29,2101.04825968,69286,53671.1354698346,BTCUSD
2021-04-30 05:00:00+00:00,CBSE,54178.29,58075.01,53958.23,57798.77,14435.13714857,329485,56214.7065960495,BTCUSD
2021-05-01 05:00:00+00:00,CBSE,58117.89,58474.99,57050.94,57859.28,7054.65723688,279574,57711.6362239946,BTCUSD
2021-05-02 05:00:00+00:00,CBSE,56625.21,58300.0,56575.99,57850.71,2787.33082516,75811,57805.40697358,BTCUSD
2021-05-03 05:00:00+00:00,CBSE,57212.73,57247.24,54700.2,55856.8,4798.67642325,125656,55765.9416862388,BTCUSD
2021-05-04 05:00:00+00:00,CBSE,53241.91,55416.48,52913.02,54573.94,5239.48710795,124536,54717.2285661538,BTCUSD
2021-05-05 05:00:00+00:00,CBSE,57515.69,57658.21,56637.35,57008.23,3400.60758454,105531,57077.2244643873,BTCUSD
2021-05-06 05:00:00+00:00,CBSE,56444.82,57137.88,55300.0,55882.93,3929.10769163,112453,56104.2158117652,BTCUSD
2021-05-07 05:00:00+00:00,CBSE,57380.39,58664.61,56980.01,58126.74,2639.22095452,92925,57989.9987595334,BTCUSD
2021-05-08 05:00:00+00:00,CBSE,58958.06,59300.52,57866.0,58211.21,4370.09695829,120813,58618.0842637488,BTCUSD
2021-05-09 05:00:00+00:00,CBSE,58313.84,59592.2,58102.0,59230.42,3253.13216093,98991,59013.5678378544,BTCUSD
2021-05-10 05:00:00+00:00,CBSE,55866.38,56451.7,54511.48,55379.8,3975.2415715,129644,55385.0232093191,BTCUSD
2021-05-11 05:00:00+00:00,CBSE,56753.19,58041.0,56637.34,57425.24,3162.95472039,97569,57333.478467074,BTCUSD
2021-05-12 05:00:00+00:00,CBSE,49498.76,52450.0,46000.0,50477.63,10463.1933106,271659,49595.7219611153,BTCUSD
2021-05-13 05:00:00+00:00,CBSE,50492.27,51400.0,46897.08,49690.11,30586.35588362,625865,49317.8072049681,BTCUSD
2021-05-14 05:00:00+00:00,CBSE,49893.48,50730.58,49200.0,49368.92,4551.45275589,114366,49970.3861027427,BTCUSD
2021-05-15 05:00:00+00:00,CBSE,46771.01,48814.36,46490.0,48118.82,4355.7033197,112818,47679.7509922012,BTCUSD
2021-05-16 05:00:00+00:00,CBSE,46450.78,46646.15,42141.0,43538.88,14057.32088593,237430,44194.2287728527,BTCUSD
2021-05-17 05:00:00+00:00,CBSE,43560.58,45874.97,42101.0,43580.5,29602.89959834,567018,43921.2825971015,BTCUSD
2021-05-18 05:00:00+00:00,CBSE,42865.05,43591.7,38500.0,39258.21,20600.65626799,304241,40517.874724651,BTCUSD
2021-05-19 05:00:00+00:00,CBSE,39262.62,42990.0,30000.0,36731.75,88439.61224063,1456757,37575.0243087527,BTCUSD
2021-05-20 05:00:00+00:00,CBSE,39507.27,42605.0,38172.55,40623.33,36028.38783906,669515,40528.7955023473,BTCUSD
2021-05-21 05:00:00+00:00,CBSE,40021.3,41789.61,33501.54,37340.77,49585.82852012,737549,37585.0250957743,BTCUSD
2021-05-22 05:00:00+00:00,CBSE,37476.84,38319.36,36723.3,37235.63,4170.02234588,91850,37616.4222661189,BTCUSD
2021-05-23 05:00:00+00:00,CBSE,37239.78,37346.47,31111.0,34758.67,49263.28061944,756003,33809.7700143586,BTCUSD
2021-05-24 05:00:00+00:00,CBSE,34934.77,39966.87,34806.15,38878.56,34186.7577916,557836,37805.8974466963,BTCUSD
2021-05-25 05:00:00+00:00,CBSE,38361.81,39721.0,37837.36,39438.27,5681.71515459,114739,38995.9344350878,BTCUSD
2021-05-26 05:00:00+00:00,CBSE,39438.28,40900.0,37950.01,39293.23,19425.08384296,377817,39222.1792895887,BTCUSD
2021-05-27 05:00:00+00:00,CBSE,38556.88,38900.0,37285.0,37354.37,4231.68417418,85718,38019.9265483025,BTCUSD
2021-05-28 05:00:00+00:00,CBSE,37352.54,37601.44,34688.0,35680.47,32000.0390094,483374,36089.7849367847,BTCUSD
2021-05-29 05:00:00+00:00,CBSE,35721.69,37325.0,33650.86,34627.82,24009.01835914,401941,34844.8869257904,BTCUSD
2021-05-30 05:00:00+00:00,CBSE,35669.44,36012.17,34183.0,34499.57,4551.41721428,74814,34869.814391613,BTCUSD
2021-05-31 05:00:00+00:00,CBSE,37276.23,37918.97,36500.0,36753.45,3548.48226811,70084,37262.4999038012,BTCUSD
2021-06-01 05:00:00+00:00,CBSE,36684.99,36891.5,35920.0,36666.01,1804.91407113,58487,36388.1401793942,BTCUSD
2021-06-02 05:00:00+00:00,CBSE,37581.83,38054.19,37184.88,37970.64,1953.07467947,58977,37541.2854903202,BTCUSD
2021-06-03 05:00:00+00:00,CBSE,39248.54,39291.24,37389.26,37583.24,4032.78995648,88089,38019.4369181116,BTCUSD
2021-06-04 05:00:00+00:00,CBSE,37578.16,37688.44,35593.22,36856.52,13880.38677095,274721,36744.8358810291,BTCUSD
2021-06-05 05:00:00+00:00,CBSE,37692.28,37921.35,34832.17,35539.49,11565.4062185,223934,35969.9921507101,BTCUSD
2021-06-06 05:00:00+00:00,CBSE,35800.48,36812.39,35530.0,36268.91,2408.24046747,51549,36396.5465892936,BTCUSD
2021-06-07 05:00:00+00:00,CBSE,33567.26,34069.0,32399.46,32869.08,8731.31753358,140500,33192.2329902844,BTCUSD
2021-06-08 05:00:00+00:00,CBSE,33402.13,33561.1,32408.53,32990.37,4557.44323962,71086,32868.8106504194,BTCUSD
2021-06-09 05:00:00+00:00,CBSE,37404.75,37685.0,36675.0,36813.86,3209.01113074,62390,37107.9844998325,BTCUSD
2021-06-10 05:00:00+00:00,CBSE,36812.93,38425.67,35800.0,36694.05,16644.11544643,257828,37040.871619868,BTCUSD
2021-06-11 05:00:00+00:00,CBSE,37340.08,37448.0,35123.67,35250.26,4851.40263689,79463,36014.3004372055,BTCUSD
2021-06-12 05:00:00+00:00,CBSE,35557.32,35949.49,34780.57,35195.09,2150.33978671,44464,35307.1362051065,BTCUSD
2021-06-13 05:00:00+00:00,CBSE,39015.24,39847.57,38744.83,39283.74,3825.51597598,67023,39193.5180723606,BTCUSD
2021-06-14 05:00:00+00:00,CBSE,40537.93,40850.0,39860.99,40530.39,2818.30443542,64562,40392.7154558862,BTCUSD
2021-06-15 05:00:00+00:00,CBSE,40158.06,40425.0,39612.0,40271.81,1991.9742505,52152,40014.7216273312,BTCUSD
2021-06-16 05:00:00+00:00,CBSE,38351.0,39133.37,38200.04,38811.19,2995.48055622,55140,38748.6154875802,BTCUSD
2021-06-17 05:00:00+00:00,CBSE,38103.94,38216.22,37223.32,37935.17,3210.32936886,63057,37775.9519420223,BTCUSD
2021-06-18 05:00:00+00:00,CBSE,37935.17,38107.18,35153.16,35841.81,20261.43938084,294161,36455.6405616295,BTCUSD
2021-06-19 05:00:00+00:00,CBSE,35484.8,35876.87,35111.0,35798.24,2388.50614419,53171,35527.3068541208,BTCUSD
2021-06-20 05:00:00+00:00,CBSE,35585.79,35741.54,33650.0,34229.08,4262.23075669,64910,34801.8684895284,BTCUSD
2021-06-21 05:00:00+00:00,CBSE,31609.82,33261.29,31160.0,32918.54,6987.66136441,102080,32333.1168020471,BTCUSD
2021-06-22 05:00:00+00:00,CBSE,32916.6,33352.0,28800.0,32538.37,41322.43560537,519679,31081.0100212485,BTCUSD
2021-06-23 05:00:00+00:00,CBSE,33819.08,34881.02,32739.15,33688.35,15890.64629418,234425,33806.0835078109,BTCUSD
2021-06-24 05:00:00+00:00,CBSE,34654.87,35500.0,34255.48,34774.0,3509.82629977,56917,34966.7033118974,BTCUSD
2021-06-25 05:00:00+00:00,CBSE,34776.7,34889.31,31300.0,31594.63,22995.3415965,290652,32691.6083173692,BTCUSD
2021-06-26 05:00:00+00:00,CBSE,32358.22,32711.68,30173.49,32275.19,15705.80708555,241592,31241.0792686137,BTCUSD
2021-06-27 05:00:00+00:00,CBSE,34708.53,34999.97,34226.54,34354.83,3144.27136423,46516,34536.1101534064,BTCUSD
2021-06-28 05:00:00+00:00,CBSE,34493.22,35140.0,34233.35,34871.31,2747.49339391,50323,34711.2213868391,BTCUSD
2021-06-29 05:00:00+00:00,CBSE,35906.17,36094.42,34680.67,34763.8,3640.31773373,51919,35488.4126857833,BTCUSD
2021-06-30 05:00:00+00:00,CBSE,35060.0,35066.54,34079.0,34338.21,2174.80086873,47358,34557.7496218847,BTCUSD
2021-07-01 05:00:00+00:00,CBSE,34338.21,34474.15,32703.48,33516.11,11036.15010457,228746,33416.5254003831,BTCUSD
2021-07-02 05:00:00+00:00,CBSE,33154.88,33905.0,32704.73,33805.02,9463.93627169,187566,33347.879184357,BTCUSD
2021-07-03 05:00:00+00:00,CBSE,34685.03,34844.29,34390.53,34783.0,864.2670771,28222,34615.7271921403,BTCUSD
2021-07-04 05:00:00+00:00,CBSE,35284.06,35290.82,34034.34,34210.23,2379.58325303,41119,34636.2459256405,BTCUSD
2021-07-05 05:00:00+00:00,CBSE,33697.78,34781.75,33655.15,34660.65,1443.30071641,38777,34198.9571834583,BTCUSD
2021-07-06 05:00:00+00:00,CBSE,34225.72,34801.7,33960.36,34720.25,1579.39992756,43288,34322.7002236105,BTCUSD
2021-07-07 05:00:00+00:00,CBSE,33879.5,33934.62,33073.07,33317.51,3210.83959383,53004,33352.447826613,BTCUSD
2021-07-08 05:00:00+00:00,CBSE,33317.51,33500.0,32111.0,32875.95,10936.50781665,178954,32762.0571705172,BTCUSD
2021-07-09 05:00:00+00:00,CBSE,33824.25,34267.14,33617.15,33649.77,1130.01996619,34227,33895.0650482853,BTCUSD
2021-07-10 05:00:00+00:00,CBSE,33515.35,33805.15,33333.33,33472.51,1064.16242949,32553,33594.3014677319,BTCUSD
2021-07-11 05:00:00+00:00,CBSE,34259.22,34670.0,34029.77,34308.38,1531.70018225,33361,34323.4994014781,BTCUSD
2021-07-12 05:00:00+00:00,CBSE,33077.43,33241.99,32843.42,33127.35,1114.78504584,32521,33085.8604815034,BTCUSD
2021-07-13 05:00:00+00:00,CBSE,32734.14,32812.92,31658.47,31942.23,3010.43732807,52670,32117.6538406155,BTCUSD
2021-07-14 05:00:00+00:00,CBSE,32815.75,33187.6,32450.82,32661.04,1416.67859998,38772,32801.6735730172,BTCUSD
2021-07-15 05:00:00+00:00,CBSE,32661.03,32661.04,31064.77,31868.68,9856.93194463,218398,31749.8687549881,BTCUSD
2021-07-16 05:00:00+00:00,CBSE,31389.57,31649.0,31179.01,31388.24,1676.38922691,41921,31362.8381420853,BTCUSD
2021-07-17 05:00:00+00:00,CBSE,31533.9,32450.0,31483.75,32085.24,1409.59479617,38216,32082.7795247708,BTCUSD
2021-07-18 05:00:00+00:00,CBSE,31786.37,31850.0,31440.44,31747.43,984.71627023,32403,31605.2188166464,BTCUSD
2021-07-19 05:00:00+00:00,CBSE,30842.04,31052.65,29507.8,29662.31,6420.56718651,98239,30023.4709941971,BTCUSD
2021-07-20 05:00:00+00:00,CBSE,29662.32,30000.0,29301.56,29796.16,11691.39536206,210058,29694.7856826297,BTCUSD
2021-07-21 05:00:00+00:00,CBSE,30705.36,32825.0,30564.5,32135.19,12827.60709267,203221,31764.7386281396,BTCUSD
2021-07-22 05:00:00+00:00,CBSE,32287.75,32780.0,32206.4,32699.0,1806.46823733,33147,32582.8780888546,BTCUSD
2021-07-23 05:00:00+00:00,CBSE,33647.27,33854.55,33424.7,33708.68,1586.27444582,38730,33618.829479074,BTCUSD
2021-07-24 05:00:00+00:00,CBSE,33709.87,34525.0,33555.0,34283.01,8278.47799121,139840,34030.1290077032,BTCUSD
2021-07-25 05:00:00+00:00,CBSE,35428.25,39770.0,35251.54,38300.01,12548.00052129,155492,37778.4079744761,BTCUSD
2021-07-26 05:00:00+00:00,CBSE,38300.01,40593.93,36774.45,37262.77,27805.85715963,355690,38543.6953957551,BTCUSD
2021-07-27 05:00:00+00:00,CBSE,39475.99,40352.0,38935.0,39694.11,6709.66135612,78423,39696.7926210257,BTCUSD
2021-07-28 05:00:00+00:00,CBSE,39694.11,40925.56,38803.34,40035.1,20489.34823762,278746,39930.8067301106,BTCUSD
2021-07-29 05:00:00+00:00,CBSE,40039.44,40258.25,39660.51,39824.58,1869.35729124,44611,40019.7273866903,BTCUSD
2021-07-30 05:00:00+00:00,CBSE,39824.58,42320.57,38342.0,42237.95,13193.87711466,218499,39977.2156080487,BTCUSD
2021-07-31 05:00:00+00:00,CBSE,41499.0,42605.64,41150.0,42074.65,2713.11633202,49247,41990.9894213132,BTCUSD
2021-08-01 05:00:00+00:00,CBSE,39859.18,40108.14,39241.5,39671.67,2601.39708396,58575,39685.68255235,BTCUSD
2021-08-02 05:00:00+00:00,CBSE,39671.68,40459.68,38690.0,39149.59,9778.01508132,179584,39471.4403024681,BTCUSD
2021-08-03 05:00:00+00:00,CBSE,38189.4,38559.36,37760.0,37952.63,2170.92573372,47543,38159.3856106366,BTCUSD
2021-08-04 05:00:00+00:00,CBSE,39718.9,39831.0,39166.13,39343.31,2885.2920867,48739,39419.5455451573,BTCUSD
2021-08-05 05:00:00+00:00,CBSE,39345.78,41447.89,37300.0,40888.74,25610.9976436,363273,39500.2648282045,BTCUSD
2021-08-06 05:00:00+00:00,CBSE,42869.59,43974.0,42607.0,43316.79,3683.50580844,75178,43297.7122127467,BTCUSD
2021-08-07 05:00:00+00:00,CBSE,44628.11,44831.26,43778.28,44382.47,3912.06946522,83794,44291.972111235,BTCUSD
2021-08-08 05:00:00+00:00,CBSE,43829.15,44015.05,42821.3,43614.98,5289.59672757,72872,43309.799224481,BTCUSD
2021-08-09 05:00:00+00:00,CBSE,43610.01,46497.42,43300.0,46285.48,14175.09121379,284988,45561.6243694638,BTCUSD
2021-08-10 05:00:00+00:00,CBSE,45465.58,46180.25,44650.27,45595.66,11039.92258433,229979,45447.7430323232,BTCUSD
2021-08-11 05:00:00+00:00,CBSE,45553.1,46223.95,45450.0,45614.87,1703.2481979,57091,45864.1052242384,BTCUSD
2021-08-12 05:00:00+00:00,CBSE,44422.15,45400.0,44249.64,45274.98,2046.31507112,58151,44925.8220372841,BTCUSD
2021-08-13 05:00:00+00:00,CBSE,45274.98,47953.9,45150.77,47833.64,9841.91231178,244461,46750.493534375,BTCUSD
2021-08-14 05:00:00+00:00,CBSE,47109.64,47400.0,46515.83,46756.7,1332.44266784,45098,47075.0990296299,BTCUSD
2021-08-15 05:00:00+00:00,CBSE,47014.38,48076.52,46804.52,47424.28,2975.29292926,74042,47637.8865365555,BTCUSD
2021-08-16 05:00:00+00:00,CBSE,45903.22,46646.41,45259.0,46391.24,2276.06250829,58255,46058.5907840881,BTCUSD
2021-08-17 05:00:00+00:00,CBSE,44675.34,45288.16,44216.47,45082.92,2821.94716442,71865,44814.3376891727,BTCUSD
2021-08-18 05:00:00+00:00,CBSE,44709.1,45226.74,43955.0,44137.43,2097.03459098,58603,44548.8937534867,BTCUSD
2021-08-19 05:00:00+00:00,CBSE,46769.02,47396.0,46644.95,47097.8,2503.1297574,62529,47124.9782238015,BTCUSD
2021-08-20 05:00:00+00:00,CBSE,47097.81,49400.0,46704.79,49342.4,10681.54072901,242678,48205.8763119894,BTCUSD
2021-08-21 05:00:00+00:00,CBSE,48642.71,49821.92,48285.28,48867.02,7454.064408,190000,49104.4089919329,BTCUSD
2021-08-22 05:00:00+00:00,CBSE,49284.38,50425.0,49100.86,50338.18,3429.41331725,74492,49939.7995494911,BTCUSD
2021-08-23 05:00:00+00:00,CBSE,49504.53,49703.96,48792.36,49506.58,1726.7023929,49867,49227.5198799508,BTCUSD
2021-08-24 05:00:00+00:00,CBSE,47682.45,48300.0,47658.01,48022.29,1682.4612845,46285,48062.0737364668,BTCUSD
2021-08-25 05:00:00+00:00,CBSE,48991.57,49365.1,47618.0,47894.22,1904.95436213,55781,48495.5823519081,BTCUSD
2021-08-26 05:00:00+00:00,CBSE,47893.4,48060.67,46315.48,46851.47,9746.36631781,229175,47010.4351686703,BTCUSD
2021-08-27 05:00:00+00:00,CBSE,46925.94,49185.12,46864.56,49077.57,6829.70296557,196534,47996.3004342113,BTCUSD
2021-08-28 05:00:00+00:00,CBSE,48942.89,49667.1,47801.0,48183.83,2601.50760604,61977,48822.3568977616,BTCUSD
2021-08-29 05:00:00+00:00,CBSE,48802.58,48906.51,47777.0,47897.69,2376.13992725,51318,48314.3682142705,BTCUSD
2021-08-30 05:00:00+00:00,CBSE,46996.8,47305.88,46708.93,47056.72,2590.9485219,66852,46980.8537646474,BTCUSD
2021-08-31 05:00:00+00:00,CBSE,47110.33,47319.0,46537.62,47158.9,2552.04940464,62782,46885.1365033337,BTCUSD
2021-01-01 06:00:00+00:00,CBSE,730.97,739.0,715.22,734.62,46104.15499201,26556,728.3923871623,ETHUSD
2021-01-02 06:00:00+00:00,CBSE,775.29,791.22,770.0,787.32,71896.94206455,47622,780.1184158432,ETHUSD
2021-01-03 06:00:00+00:00,CBSE,980.44,1098.47,955.0,1088.78,213416.37574187,114506,1010.7194577921,ETHUSD
2021-01-04 06:00:00+00:00,CBSE,1087.55,1168.99,886.33,1042.38,765246.60737595,333187,1019.6758044541,ETHUSD
2021-01-05 06:00:00+00:00,CBSE,990.22,1125.81,980.0,1103.73,444497.09667519,214766,1066.2714132883,ETHUSD
2021-01-06 06:00:00+00:00,CBSE,1106.3,1215.79,1092.7,1212.02,530453.91320322,249379,1164.1826340615,ETHUSD
2021-01-07 06:00:00+00:00,CBSE,1227.55,1233.93,1063.18,1148.89,222130.10422125,107958,1152.9368284695,ETHUSD
2021-01-08 06:00:00+00:00,CBSE,1148.83,1275.0,1124.27,1217.35,466618.49928046,254372,1210.0874735318,ETHUSD
2021-01-09 06:00:00+00:00,CBSE,1281.25,1345.46,1281.25,1319.09,139378.9494968,90857,1319.2001116553,ETHUSD
2021-01-10 06:00:00+00:00,CBSE,1255.1,1260.24,1003.68,1091.91,330525.03774968,140777,1141.5813452729,ETHUSD
2021-01-11 06:00:00+00:00,CBSE,1092.35,1147.91,905.0,1088.79,870262.47935186,356867,1023.2720774482,ETHUSD
2021-01-12 06:00:00+00:00,CBSE,1130.26,1150.0,1006.83,1050.1,431059.30863185,200887,1081.6198093013,ETHUSD
2021-01-13 06:00:00+00:00,CBSE,1130.79,1148.7,1087.05,1110.49,92726.35871455,56706,1119.3462913391,ETHUSD
2021-01-14 06:00:00+00:00,CBSE,1231.59,1255.59,1184.18,1184.71,126620.09921159,65286,1229.1407556506,ETHUSD
2021-01-15 06:00:00+00:00,CBSE,1185.33,1246.94,1065.0,1168.1,419966.86840992,225871,1167.2816439209,ETHUSD
2021-01-16 06:00:00+00:00,CBSE,1227.76,1258.74,1201.58,1215.98,71118.80747824,43344,1230.9923513972,ETHUSD
2021-01-17 06:00:00+00:00,CBSE,1232.6,1247.22,1181.9,1207.72,92885.88383949,51490,1213.1045691933,ETHUSD
2021-01-18 06:00:00+00:00,CBSE,1258.55,1346.92,1252.01,1323.55,224317.9600967,101749,1314.9026451544,ETHUSD
2021-01-19 06:00:00+00:00,CBSE,1323.46,1440.0,1319.23,1368.04,455682.35826839,261277,1391.633227985,ETHUSD
2021-01-20 06:00:00+00:00,CBSE,1377.15,1390.0,1280.0,1305.92,121663.43816871,65141,1324.4445489245,ETHUSD
2021-01-21 06:00:00+00:00,CBSE,1305.8,1322.97,1081.0,1110.62,601485.52670665,309509,1202.710440443,ETHUSD
2021-01-22 06:00:00+00:00,CBSE,1175.88,1275.99,1118.74,1233.6,349396.05070166,184808,1218.282956161,ETHUSD
2021-01-23 06:00:00+00:00,CBSE,1234.47,1339.0,1221.66,1326.08,129078.2285128,61927,1285.9963789685,ETHUSD
2021-01-24 06:00:00+00:00,CBSE,1394.04,1477.15,1384.15,1441.87,240125.73960137,119951,1432.452879,ETHUSD
2021-01-25 06:00:00+00:00,CBSE,1441.57,1446.44,1293.65,1317.97,335347.84073137,196784,1380.7165485245,ETHUSD
2021-01-26 06:00:00+00:00,CBSE,1367.97,1375.91,1276.0,1286.15,105558.64949662,59831,1318.648630286,ETHUSD
2021-01-27 06:00:00+00:00,CBSE,1286.15,1312.56,1206.05,1240.96,421546.72426584,234593,1262.9445411014,ETHUSD
2021-01-28 06:00:00+00:00,CBSE,1333.61,1378.0,1286.56,1305.38,128059.55960341,88076,1334.7665549582,ETHUSD
2021-01-29 06:00:00+00:00,CBSE,1305.43,1442.88,1293.5,1379.87,478059.4524678,257954,1376.1210856417,ETHUSD
2021-01-30 06:00:00+00:00,CBSE,1380.0,1382.0,1345.78,1351.69,51550.34671531,44245,1363.8003140985,ETHUSD
2021-01-31 06:00:00+00:00,CBSE,1313.95,1331.51,1271.31,1322.0,90794.66833845,60328,1304.3431156955,ETHUSD
2021-02-01 06:00:00+00:00,CBSE,1374.55,1411.19,1360.27,1389.48,102984.10451477,63317,1384.7165183754,ETHUSD
2021-02-02 06:00:00+00:00,CBSE,1513.85,1564.13,1509.48,1545.34,131960.5904341,98548,1536.0540665399,ETHUSD
2021-02-03 06:00:00+00:00,CBSE,1668.71,1699.0,1633.68,1657.11,159544.25383372,115488,1671.3162435641,ETHUSD
2021-02-04 06:00:00+00:00,CBSE,1657.62,1686.6,1556.0,1597.55,352117.77516498,258811,1626.7266108689,ETHUSD
2021-02-05 06:00:00+00:00,CBSE,1721.06,1745.25,1647.0,1662.98,133026.34796916,94388,1687.2533850903,ETHUSD
2021-02-06 06:00:00+00:00,CBSE,1679.76,1695.38,1588.01,1616.61,100354.23580548,77889,1635.3097579783,ETHUSD
2021-02-07 06:00:00+00:00,CBSE,1615.51,1633.0,1565.98,1609.02,80534.99598113,57907,1601.9237544722,ETHUSD
2021-02-08 06:00:00+00:00,CBSE,1753.17,1768.62,1710.01,1745.7,81659.60928779,70894,1741.4366895888,ETHUSD
2021-02-09 06:00:00+00:00,CBSE,1771.91,1826.37,1760.77,1801.61,110295.88200869,82029,1798.4043066876,ETHUSD
2021-02-10 06:00:00+00:00,CBSE,1801.63,1839.0,1680.0,1742.93,243466.73141252,201821,1746.5401402711,ETHUSD
2021-02-11 06:00:00+00:00,CBSE,1787.33,1808.0,1741.29,1762.42,67582.846793,60477,1774.6278038686,ETHUSD
2021-02-12 06:00:00+00:00,CBSE,1762.47,1868.9,1747.16,1845.0,248144.85150351,214858,1813.6141474103,ETHUSD
2021-02-13 06:00:00+00:00,CBSE,1852.85,1854.63,1766.15,1818.01,152576.58752376,155516,1808.2422056465,ETHUSD
2021-02-14 06:00:00+00:00,CBSE,1803.25,1814.74,1659.93,1725.58,146957.21704948,117906,1729.094280247,ETHUSD
2021-02-15 06:00:00+00:00,CBSE,1725.0,1836.0,1723.87,1779.62,143178.26590387,141988,1797.0330602794,ETHUSD
2021-02-16 06:00:00+00:00,CBSE,1782.14,1786.18,1733.87,1748.16,45163.43842273,46573,1761.2141938269,ETHUSD
2021-02-17 06:00:00+00:00,CBSE,1851.9,1918.94,1851.47,1901.08,89977.14585331,77194,1894.0374950078,ETHUSD
2021-02-18 06:00:00+00:00,CBSE,1939.64,1951.99,1890.0,1914.13,65819.87143473,59131,1917.796057098,ETHUSD
2021-02-19 06:00:00+00:00,CBSE,1957.9,2041.42,1925.03,2015.0,132867.40011657,107909,1984.9877010453,ETHUSD
2021-02-20 06:00:00+00:00,CBSE,2015.0,2036.77,1811.25,1915.46,242685.08471661,250694,1973.3380131316,ETHUSD
2021-02-21 06:00:00+00:00,CBSE,1935.67,1938.95,1836.15,1869.16,96585.10767379,88879,1885.6849749724,ETHUSD
2021-02-22 06:00:00+00:00,CBSE,1778.33,1783.22,1550.96,1620.88,186807.95932159,125002,1654.2692177818,ETHUSD
2021-02-23 06:00:00+00:00,CBSE,1620.32,1648.71,1356.0,1577.83,749810.81773403,504158,1511.4410111047,ETHUSD
2021-02-24 06:00:00+00:00,CBSE,1628.23,1714.0,1554.39,1625.3,298993.2427513,216336,1635.0799874812,ETHUSD
2021-02-25 06:00:00+00:00,CBSE,1482.05,1530.0,1445.79,1449.78,126708.42699678,105067,1483.1219272603,ETHUSD
2021-02-26 06:00:00+00:00,CBSE,1445.09,1516.49,1439.59,1505.36,56854.63425509,53048,1491.38897506,ETHUSD
2021-02-27 06:00:00+00:00,CBSE,1460.49,1469.96,1351.62,1363.96,109264.03294855,80739,1404.8507000279,ETHUSD
2021-02-28 06:00:00+00:00,CBSE,1421.8,1458.9,1412.61,1435.52,72969.90423796,56339,1441.6476246885,ETHUSD
2021-03-01 06:00:00+00:00,CBSE,1435.52,1574.28,1421.72,1571.82,233110.19407073,193202,1523.2168930808,ETHUSD
2021-03-02 06:00:00+00:00,CBSE,1488.34,1554.24,1476.72,1545.93,47265.40158417,43541,1520.7747975124,ETHUSD
2021-03-03 06:00:00+00:00,CBSE,1568.4,1625.0,1534.99,1562.75,67767.71453443,56111,1577.0570658425,ETHUSD
2021-03-04 06:00:00+00:00,CBSE,1539.53,1541.0,1444.61,1472.32,103025.66225028,71354,1476.9098038404,ETHUSD
2021-03-05 06:00:00+00:00,CBSE,1528.82,1574.32,1520.11,1574.32,39322.26824397,34863,1542.7402081988,ETHUSD
2021-03-06 06:00:00+00:00,CBSE,1651.75,1687.5,1637.0,1664.27,57580.89013846,47394,1661.982794301,ETHUSD
2021-03-07 06:00:00+00:00,CBSE,1727.95,1755.48,1709.96,1751.71,85822.56470835,65695,1732.9154893558,ETHUSD
2021-03-08 06:00:00+00:00,CBSE,1834.88,1859.62,1808.49,1842.71,94142.84449781,76116,1838.0710196452,ETHUSD
2021-03-09 06:00:00+00:00,CBSE,1871.93,1879.0,1756.29,1801.32,98583.93442949,69067,1810.0105544596,ETHUSD
2021-03-10 06:00:00+00:00,CBSE,1801.32,1869.66,1762.27,1795.37,180396.87383575,140800,1825.6721431265,ETHUSD
2021-03-11 06:00:00+00:00,CBSE,1826.53,1841.96,1795.29,1810.21,39999.00233945,48973,1812.1680034421,ETHUSD
2021-03-12 06:00:00+00:00,CBSE,1766.76,1781.72,1728.3,1771.4,30544.59211113,40073,1752.3841952189,ETHUSD
2021-03-13 06:00:00+00:00,CBSE,1921.76,1931.97,1877.46,1897.19,46745.50347529,49654,1905.6199501518,ETHUSD
2021-03-14 06:00:00+00:00,CBSE,1848.56,1893.75,1840.02,1862.45,33222.36256605,37716,1874.4490864849,ETHUSD
2021-03-15 05:00:00+00:00,CBSE,1794.08,1804.12,1706.25,1750.21,64021.18341498,58163,1743.4872442668,ETHUSD
2021-03-16 05:00:00+00:00,CBSE,1805.7,1812.76,1760.0,1771.88,34741.68702539,37001,1778.4536381974,ETHUSD
2021-03-17 05:00:00+00:00,CBSE,1824.45,1850.0,1809.0,1830.7,47841.35250399,44136,1832.2139922131,ETHUSD
2021-03-18 05:00:00+00:00,CBSE,1776.4,1792.18,1734.29,1783.14,35139.38092931,39391,1765.2407949546,ETHUSD
2021-03-19 05:00:00+00:00,CBSE,1783.66,1840.69,1781.35,1809.38,107469.56923106,126123,1815.6744208621,ETHUSD
2021-03-20 05:00:00+00:00,CBSE,1806.04,1818.86,1767.1,1770.4,47002.53439317,41041,1789.912454418,ETHUSD
2021-03-21 05:00:00+00:00,CBSE,1784.11,1789.89,1754.25,1787.9,25280.53862071,35241,1770.0914102225,ETHUSD
2021-03-22 05:00:00+00:00,CBSE,1681.4,1714.61,1668.07,1694.82,44547.11598399,47614,1694.2047076655,ETHUSD
2021-03-23 05:00:00+00:00,CBSE,1668.37,1688.37,1646.46,1676.93,32691.11265442,35903,1669.4082566209,ETHUSD
2021-03-24 05:00:00+00:00,CBSE,1581.97,1595.9,1548.69,1573.73,69577.44127975,65517,1573.1602577124,ETHUSD
2021-03-25 05:00:00+00:00,CBSE,1573.65,1622.27,1553.85,1587.08,216089.80861135,190608,1594.8907409204,ETHUSD
2021-03-26 05:00:00+00:00,CBSE,1699.97,1719.5,1687.15,1697.14,27654.37614069,35093,1703.4831274946,ETHUSD
2021-03-27 05:00:00+00:00,CBSE,1713.96,1722.31,1701.43,1718.93,21603.03596996,31457,1711.7331125271,ETHUSD
2021-03-28 05:00:00+00:00,CBSE,1686.92,1701.29,1675.28,1696.03,33707.18391713,32222,1688.8019228869,ETHUSD
2021-03-29 05:00:00+00:00,CBSE,1815.73,1826.49,1785.77,1802.29,29586.78601491,37916,1801.9432510651,ETHUSD
2021-03-30 05:00:00+00:00,CBSE,1841.03,1863.72,1812.3,1825.99,33233.86674974,36489,1839.6795794796,ETHUSD
2021-03-31 05:00:00+00:00,CBSE,1919.99,1944.49,1900.88,1916.97,41952.92944042,49328,1926.8173637431,ETHUSD
2021-04-01 05:00:00+00:00,CBSE,1968.74,2007.0,1948.67,1994.51,69580.20804658,55684,1986.4375012383,ETHUSD
2021-04-02 05:00:00+00:00,CBSE,2134.38,2139.33,2079.87,2099.35,45041.64877173,53242,2106.8132767843,ETHUSD
2021-04-03 05:00:00+00:00,CBSE,2099.35,2129.51,2003.0,2009.25,147735.09698351,156286,2065.7780389582,ETHUSD
2021-04-04 05:00:00+00:00,CBSE,2076.31,2085.23,2020.08,2023.54,25018.83172885,32762,2048.6859274338,ETHUSD
2021-04-05 05:00:00+00:00,CBSE,2107.45,2151.0,2107.26,2123.45,37193.67929207,42841,2128.271656402,ETHUSD
2021-04-06 05:00:00+00:00,CBSE,2113.55,2128.99,2077.02,2090.5,37301.61200779,39208,2097.9360905842,ETHUSD
2021-04-07 05:00:00+00:00,CBSE,1964.69,2024.97,1949.34,2018.1,29183.9305743,40255,1991.1065864657,ETHUSD
2021-04-08 05:00:00+00:00,CBSE,2081.29,2097.85,2069.04,2075.72,19035.52628294,28501,2083.2843075522,ETHUSD
2021-04-09 05:00:00+00:00,CBSE,2066.5,2192.57,2057.2,2188.77,58345.92473878,48886,2130.8048862577,ETHUSD
2021-04-10 05:00:00+00:00,CBSE,2188.45,2195.0,2081.01,2133.08,112610.69294283,134542,2141.3591570498,ETHUSD
2021-04-11 05:00:00+00:00,CBSE,2150.54,2162.0,2129.02,2150.02,26680.66559218,32269,2144.6862305856,ETHUSD
2021-04-12 05:00:00+00:00,CBSE,2138.02,2174.52,2135.9,2163.14,24269.82025078,37389,2161.0037779271,ETHUSD
2021-04-13 05:00:00+00:00,CBSE,2300.01,2379.0,2283.26,2373.02,51587.28149624,68218,2323.4104410893,ETHUSD
2021-04-14 05:00:00+00:00,CBSE,2373.01,2446.91,2295.5,2432.54,267227.95452292,276993,2366.2085011461,ETHUSD
2021-04-15 05:00:00+00:00,CBSE,2517.03,2548.0,2422.59,2425.52,62834.08314871,88458,2498.7018140015,ETHUSD
2021-04-16 05:00:00+00:00,CBSE,2425.88,2466.25,2305.0,2426.64,234408.25263336,309814,2407.2437442639,ETHUSD
2021-04-17 05:00:00+00:00,CBSE,2319.11,2341.0,2000.0,2159.34,174771.67105024,167167,2201.8307211941,ETHUSD
2021-04-18 05:00:00+00:00,CBSE,2160.09,2258.14,2041.01,2241.46,268691.23891141,323757,2157.3919341529,ETHUSD
2021-04-19 05:00:00+00:00,CBSE,2163.69,2179.94,2054.25,2143.53,102358.2511008,106255,2103.9422818771,ETHUSD
2021-04-20 05:00:00+00:00,CBSE,2143.91,2349.5,2059.31,2332.6,206273.37718551,242041,2229.9799984092,ETHUSD
2021-04-21 05:00:00+00:00,CBSE,2357.74,2449.99,2317.25,2446.18,103729.36656372,92352,2391.8304852055,ETHUSD
2021-04-22 05:00:00+00:00,CBSE,2399.21,2442.29,2115.33,2208.28,201660.96706503,187637,2267.3173798141,ETHUSD
2021-04-23 05:00:00+00:00,CBSE,2208.08,2383.75,2040.0,2370.05,442500.22279776,397984,2250.9055136296,ETHUSD
2021-04-24 05:00:00+00:00,CBSE,2216.18,2253.88,2170.0,2192.49,43009.94613142,45271,2215.7205076842,ETHUSD
2021-04-25 05:00:00+00:00,CBSE,2322.43,2478.99,2306.03,2455.16,105790.90517899,85648,2420.5559528082,ETHUSD
2021-04-26 05:00:00+00:00,CBSE,2533.99,2550.0,2484.56,2510.01,33327.88740456,43805,2513.8989600896,ETHUSD
2021-04-27 05:00:00+00:00,CBSE,2667.86,2719.0,2621.82,2633.83,81634.44165832,88211,2676.1620679367,ETHUSD
2021-04-28 05:00:00+00:00,CBSE,2751.56,2759.0,2672.0,2683.47,56170.50055124,66428,2714.6606262511,ETHUSD
2021-04-29 05:00:00+00:00,CBSE,2758.92,2770.0,2727.0,2768.76,34443.14410714,57862,2746.2694959079,ETHUSD
2021-04-30 05:00:00+00:00,CBSE,2776.76,2850.0,2757.28,2846.44,49025.01165383,73704,2814.9659686544,ETHUSD
2021-05-01 05:00:00+00:00,CBSE,2846.95,2955.9,2807.26,2948.92,170096.31167033,291066,2899.63734451,ETHUSD
2021-05-02 05:00:00+00:00,CBSE,2952.21,3060.91,2952.08,3053.41,85189.2706683,111003,3020.6114526078,ETHUSD
2021-05-03 05:00:00+00:00,CBSE,3433.99,3454.8,3166.12,3351.12,192527.19278983,209773,3291.9380902403,ETHUSD
2021-05-04 05:00:00+00:00,CBSE,3351.12,3534.5,3175.0,3240.01,520781.23699141,650559,3360.9501259929,ETHUSD
2021-05-05 05:00:00+00:00,CBSE,3264.3,3550.0,3226.18,3529.97,369044.05873925,531696,3389.212168694,ETHUSD
2021-05-06 05:00:00+00:00,CBSE,3492.33,3537.16,3356.69,3423.73,78928.09994178,121852,3445.587247888,ETHUSD
2021-05-07 05:00:00+00:00,CBSE,3484.69,3584.99,3455.0,3567.69,41911.11585774,85602,3537.7347135861,ETHUSD
2021-05-08 05:00:00+00:00,CBSE,3567.7,3962.44,3510.84,3917.26,287578.90813205,548329,3752.1566354758,ETHUSD
2021-05-09 05:00:00+00:00,CBSE,3928.41,4100.0,3893.01,4098.0,92307.81334523,156040,3995.0322087845,ETHUSD
2021-05-10 05:00:00+00:00,CBSE,4097.99,4213.85,3650.01,3949.45,498609.12019507,794176,4044.239038468,ETHUSD
2021-05-11 05:00:00+00:00,CBSE,4179.77,4358.16,4155.0,4306.0,109638.13355701,189355,4244.083177315,ETHUSD
2021-05-12 05:00:00+00:00,CBSE,3826.37,4055.62,3525.62,3907.51,195098.48784565,244692,3907.892438793,ETHUSD
2021-05-13 05:00:00+00:00,CBSE,3907.14,4029.0,3539.76,3719.23,611309.25551094,735276,3738.6565176474,ETHUSD
2021-05-14 05:00:00+00:00,CBSE,4080.51,4138.0,4000.0,4007.83,58072.83309843,96415,4072.690790911,ETHUSD
2021-05-15 05:00:00+00:00,CBSE,3648.16,3853.0,3622.2,3797.88,63108.9232837,95149,3783.1782194818,ETHUSD
2021-05-16 05:00:00+00:00,CBSE,3584.79,3590.0,3119.0,3327.69,202376.78608163,221025,3330.7666626915,ETHUSD
2021-05-17 05:00:00+00:00,CBSE,3328.03,3578.98,3101.0,3283.32,479115.15833789,562461,3340.8454236911,ETHUSD
2021-05-18 05:00:00+00:00,CBSE,3376.98,3444.96,2850.0,2922.4,265879.50357785,270232,3099.7720737451,ETHUSD
2021-05-19 05:00:00+00:00,CBSE,2922.16,3029.59,1860.0,2443.91,1394959.99900825,1342561,2636.4021484774,ETHUSD
2021-05-20 05:00:00+00:00,CBSE,2775.06,2950.0,2745.81,2784.49,106109.58245454,132504,2845.7997746318,ETHUSD
2021-05-21 05:00:00+00:00,CBSE,2783.88,2808.86,2105.0,2434.86,829902.28364157,763813,2471.1781922155,ETHUSD
2021-05-22 05:00:00+00:00,CBSE,2296.68,2382.0,2256.0,2287.66,79526.90159765,94365,2313.8518785674,ETHUSD
2021-05-23 05:00:00+00:00,CBSE,2100.07,2207.0,2072.15,2107.27,139968.04057412,158208,2143.353491993,ETHUSD
2021-05-24 05:00:00+00:00,CBSE,2107.18,2678.25,2099.94,2651.24,720813.71389401,685856,2459.4368672514,ETHUSD
2021-05-25 05:00:00+00:00,CBSE,2592.41,2737.39,2383.39,2707.56,526387.27065663,479905,2566.3079702907,ETHUSD
2021-05-26 05:00:00+00:00,CBSE,2889.43,2893.96,2639.32,2707.9,137938.70635321,133932,2731.2843206831,ETHUSD
2021-05-27 05:00:00+00:00,CBSE,2745.25,2762.91,2653.65,2657.47,72938.58944655,83859,2705.1544584439,ETHUSD
2021-05-28 05:00:00+00:00,CBSE,2413.28,2546.04,2396.2,2470.17,84472.21709269,85894,2496.9645079585,ETHUSD
2021-05-29 05:00:00+00:00,CBSE,2280.78,2320.46,2182.2,2299.17,114810.35780147,110631,2249.4212324671,ETHUSD
2021-05-30 05:00:00+00:00,CBSE,2387.65,2415.47,2275.22,2313.8,102381.21964436,92770,2321.8221373316,ETHUSD
2021-05-31 05:00:00+00:00,CBSE,2707.87,2748.0,2615.06,2637.46,89907.03181645,91986,2678.1443419254,ETHUSD
2021-06-01 05:00:00+00:00,CBSE,2636.74,2714.16,2527.88,2634.42,251526.81061151,331557,2593.6062851993,ETHUSD
2021-06-02 05:00:00+00:00,CBSE,2706.87,2772.35,2663.02,2765.13,39104.15526873,63614,2709.6228633168,ETHUSD
2021-06-03 05:00:00+00:00,CBSE,2856.73,2859.85,2683.0,2723.31,86161.36847066,100055,2747.5735607392,ETHUSD
2021-06-04 05:00:00+00:00,CBSE,2723.02,2741.4,2554.39,2690.68,208270.79904992,272079,2655.3981931389,ETHUSD
2021-06-05 05:00:00+00:00,CBSE,2785.54,2816.92,2552.18,2629.75,190354.54801262,222245,2649.2460540189,ETHUSD
2021-06-06 05:00:00+00:00,CBSE,2710.97,2799.44,2691.66,2769.72,54124.87918523,63171,2766.947368256,ETHUSD
2021-06-07 05:00:00+00:00,CBSE,2592.47,2621.91,2430.0,2502.02,132067.43178549,131263,2523.9833244405,ETHUSD
2021-06-08 05:00:00+00:00,CBSE,2509.1,2525.0,2406.33,2458.29,63891.22018048,69541,2456.0104336908,ETHUSD
2021-06-09 05:00:00+00:00,CBSE,2458.29,2628.16,2449.53,2611.27,227751.73766546,230749,2548.4511354419,ETHUSD
2021-06-10 05:00:00+00:00,CBSE,2471.59,2499.34,2403.0,2478.95,43764.30193851,58597,2445.2861550098,ETHUSD
2021-06-11 05:00:00+00:00,CBSE,2355.11,2364.41,2257.07,2283.6,65961.27812737,84800,2300.868992598,ETHUSD
2021-06-12 05:00:00+00:00,CBSE,2371.85,2418.77,2321.86,2343.38,31349.46138619,43591,2368.4685511643,ETHUSD
2021-06-13 05:00:00+00:00,CBSE,2510.22,2525.0,2467.52,2490.44,30523.59554352,42512,2496.873074081,ETHUSD
2021-06-14 05:00:00+00:00,CBSE,2582.45,2640.0,2567.64,2634.45,34975.2039082,51058,2600.0705383538,ETHUSD
2021-06-15 05:00:00+00:00,CBSE,2543.57,2543.62,2502.02,2532.25,26430.14383918,44849,2522.1893079062,ETHUSD
2021-06-16 05:00:00+00:00,CBSE,2368.24,2442.65,2358.6,2426.3,26069.45470194,42998,2411.4336503203,ETHUSD
2021-06-17 05:00:00+00:00,CBSE,2373.33,2377.8,2312.82,2358.34,27120.32765586,44606,2343.4255439763,ETHUSD
2021-06-18 05:00:00+00:00,CBSE,2358.34,2368.46,2125.12,2234.47,246207.8971972,291205,2232.5342516819,ETHUSD
2021-06-19 05:00:00+00:00,CBSE,2165.13,2211.0,2143.47,2207.26,38319.03116031,49325,2174.9363063493,ETHUSD
2021-06-20 05:00:00+00:00,CBSE,2242.89,2259.1,2063.0,2122.16,55007.80657607,55314,2156.5914121674,ETHUSD
2021-06-21 05:00:00+00:00,CBSE,1885.49,1996.67,1859.0,1967.25,100980.78382038,100674,1928.362660361,ETHUSD
2021-06-22 05:00:00+00:00,CBSE,1967.16,1979.99,1700.0,1881.65,517990.65588881,434600,1840.8020739329,ETHUSD
2021-06-23 05:00:00+00:00,CBSE,2003.02,2045.0,1907.08,1968.37,187315.99798629,201484,1982.6244514676,ETHUSD
2021-06-24 05:00:00+00:00,CBSE,1988.81,2019.39,1962.21,1977.19,54070.2824672,50679,1992.3134344303,ETHUSD
2021-06-25 05:00:00+00:00,CBSE,1809.07,1839.13,1795.22,1834.18,43632.58472856,58981,1818.1158951492,ETHUSD
2021-06-26 05:00:00+00:00,CBSE,1834.27,1851.97,1717.41,1829.17,194574.58192755,233907,1770.1425742655,ETHUSD
2021-06-27 05:00:00+00:00,CBSE,1984.84,1997.0,1957.24,1973.24,51511.63782521,47742,1975.630807252,ETHUSD
2021-06-28 05:00:00+00:00,CBSE,1973.24,2143.67,1965.62,2083.79,226750.34457507,222233,2070.0822598933,ETHUSD
2021-06-29 05:00:00+00:00,CBSE,2165.64,2186.33,2090.0,2095.66,42032.06540653,46657,2144.42642876,ETHUSD
2021-06-30 05:00:00+00:00,CBSE,2276.74,2277.44,2181.68,2209.7,44841.37071192,47997,2225.5075704846,ETHUSD
2021-07-01 05:00:00+00:00,CBSE,2209.7,2234.74,2072.06,2107.01,195879.20410814,204888,2120.2122636223,ETHUSD
2021-07-02 05:00:00+00:00,CBSE,2054.99,2159.43,2017.07,2156.0,150938.30225811,174647,2085.0743131978,ETHUSD
2021-07-03 05:00:00+00:00,CBSE,2227.46,2231.87,2190.56,2225.2,13409.51102512,25443,2211.5905888395,ETHUSD
2021-07-04 05:00:00+00:00,CBSE,2323.27,2324.44,2244.08,2264.84,33108.67412666,38286,2280.164637583,ETHUSD
2021-07-05 05:00:00+00:00,CBSE,2197.34,2324.25,2195.02,2317.65,32550.83231443,40296,2262.3088644297,ETHUSD
2021-07-06 05:00:00+00:00,CBSE,2322.2,2400.0,2294.16,2393.09,41109.38703566,49090,2341.5989899,ETHUSD
2021-07-07 05:00:00+00:00,CBSE,2317.64,2325.46,2227.27,2243.15,45076.46952248,54612,2273.9914434868,ETHUSD
2021-07-08 05:00:00+00:00,CBSE,2116.3,2152.49,2050.0,2142.05,57081.40315506,58042,2093.3155832072,ETHUSD
2021-07-09 05:00:00+00:00,CBSE,2147.38,2192.98,2105.0,2107.93,29856.43843472,36822,2153.6435596051,ETHUSD
2021-07-10 05:00:00+00:00,CBSE,2110.56,2137.91,2081.51,2093.24,20093.6315151,31723,2105.0834522195,ETHUSD
2021-07-11 05:00:00+00:00,CBSE,2141.45,2169.0,2126.69,2148.32,19764.37859355,28982,2149.9035246496,ETHUSD
2021-07-12 05:00:00+00:00,CBSE,2030.74,2042.93,2012.27,2022.75,32796.8855982,36148,2027.6348356668,ETHUSD
2021-07-13 05:00:00+00:00,CBSE,1940.34,1945.25,1865.5,1891.57,55134.68160893,69932,1898.3200556886,ETHUSD
2021-07-14 05:00:00+00:00,CBSE,1994.12,2039.99,1956.4,1971.94,50745.60918191,55262,1995.7650095558,ETHUSD
2021-07-15 05:00:00+00:00,CBSE,1972.43,1977.19,1880.0,1918.07,178732.05465904,242157,1922.1950637588,ETHUSD
2021-07-16 05:00:00+00:00,CBSE,1877.22,1900.69,1858.2,1880.08,29601.7384179,46465,1874.207967933,ETHUSD
2021-07-17 05:00:00+00:00,CBSE,1899.75,1994.4,1897.44,1976.13,39595.565226,44349,1965.9990183191,ETHUSD
2021-07-18 05:00:00+00:00,CBSE,1891.46,1907.7,1866.34,1898.7,27965.76018262,38723,1884.2871501128,ETHUSD
2021-07-19 05:00:00+00:00,CBSE,1818.45,1840.79,1720.16,1740.6,107787.80844705,114279,1760.9105485131,ETHUSD
2021-07-20 05:00:00+00:00,CBSE,1740.66,1820.0,1718.41,1786.46,171149.02675553,196568,1766.6200753117,ETHUSD
2021-07-21 05:00:00+00:00,CBSE,1862.52,2033.16,1852.99,1996.18,206655.36516963,202535,1942.538630698,ETHUSD
2021-07-22 05:00:00+00:00,CBSE,2024.75,2083.4,2014.94,2076.5,31842.73387133,39527,2056.3345401471,ETHUSD
2021-07-23 05:00:00+00:00,CBSE,2076.19,2131.51,1995.0,2125.81,145427.80285317,148578,2049.3135840484,ETHUSD
2021-07-24 05:00:00+00:00,CBSE,2132.08,2200.0,2117.71,2185.95,111213.20694059,133691,2161.9204343021,ETHUSD
2021-07-25 05:00:00+00:00,CBSE,2192.38,2345.0,2172.99,2325.81,141092.54031205,104687,2286.4643047939,ETHUSD
2021-07-26 05:00:00+00:00,CBSE,2326.47,2437.99,2205.0,2228.26,286643.83586656,247989,2325.2647860619,ETHUSD
2021-07-27 05:00:00+00:00,CBSE,2300.28,2335.6,2266.33,2283.19,45141.34176836,48810,2297.8622201864,ETHUSD
2021-07-28 05:00:00+00:00,CBSE,2283.4,2347.88,2245.1,2300.42,160691.71898281,196639,2298.3817414637,ETHUSD
2021-07-29 05:00:00+00:00,CBSE,2383.47,2451.0,2365.84,2415.75,59292.38468249,62751,2416.5164244083,ETHUSD
2021-07-30 05:00:00+00:00,CBSE,2415.79,2474.82,2317.51,2463.9,162848.35952851,182217,2385.7779992387,ETHUSD
2021-07-31 05:00:00+00:00,CBSE,2533.54,2638.97,2511.5,2621.51,67981.4752218,66683,2583.1002337543,ETHUSD
2021-08-01 05:00:00+00:00,CBSE,2621.51,2699.0,2528.67,2555.43,192755.80415041,217835,2603.5333503564,ETHUSD
2021-08-02 05:00:00+00:00,CBSE,2608.12,2633.0,2482.49,2494.67,66043.4885773,66341,2556.1254684515,ETHUSD
2021-08-03 05:00:00+00:00,CBSE,2508.16,2539.0,2476.0,2495.8,31027.72161879,49610,2507.5548753123,ETHUSD
2021-08-04 05:00:00+00:00,CBSE,2724.71,2742.0,2665.0,2694.42,36926.02953907,62626,2699.5356775191,ETHUSD
2021-08-05 05:00:00+00:00,CBSE,2694.6,2845.0,2530.69,2829.35,289128.16426932,370907,2738.8041064278,ETHUSD
2021-08-06 05:00:00+00:00,CBSE,2892.83,2985.0,2866.58,2959.37,45748.49904616,80227,2928.0957412568,ETHUSD
2021-08-07 05:00:00+00:00,CBSE,2959.32,3173.72,2943.67,3163.09,253610.8633911,382595,3068.1135550059,ETHUSD
2021-08-08 05:00:00+00:00,CBSE,3014.12,3036.47,2900.0,2956.48,63993.27545875,83305,2942.4530127875,ETHUSD
2021-08-09 05:00:00+00:00,CBSE,3162.33,3200.0,3095.0,3100.54,55040.51101138,82829,3135.4086585549,ETHUSD
2021-08-10 05:00:00+00:00,CBSE,3142.18,3186.47,3122.22,3167.0,27403.01088574,56788,3157.692487565,ETHUSD
2021-08-11 05:00:00+00:00,CBSE,3162.16,3239.69,3150.0,3175.0,35079.16440863,65187,3200.2854598886,ETHUSD
2021-08-12 05:00:00+00:00,CBSE,3047.21,3142.95,3034.52,3122.47,33619.99401432,60911,3097.1299292438,ETHUSD
2021-08-13 05:00:00+00:00,CBSE,3324.51,3328.97,3278.0,3283.01,25462.47164224,52013,3305.0168978995,ETHUSD
2021-08-14 05:00:00+00:00,CBSE,3266.52,3291.77,3232.25,3250.47,17163.16285859,42948,3266.6006287517,ETHUSD
2021-08-15 05:00:00+00:00,CBSE,3311.02,3341.47,3259.82,3281.0,42209.87465702,69330,3305.0919166024,ETHUSD
2021-08-16 05:00:00+00:00,CBSE,3146.6,3215.63,3116.42,3194.04,38142.346067,62525,3168.948685863,ETHUSD
2021-08-17 05:00:00+00:00,CBSE,3193.63,3293.15,2992.15,3011.01,208398.14382388,266627,3136.2474273477,ETHUSD
2021-08-18 05:00:00+00:00,CBSE,3014.38,3052.38,2960.0,2983.09,39110.77959403,63724,3005.6404306191,ETHUSD
2021-08-19 05:00:00+00:00,CBSE,3184.32,3245.66,3178.65,3222.84,41681.1462939,57531,3222.4897177631,ETHUSD
2021-08-20 05:00:00+00:00,CBSE,3222.84,3300.0,3189.1,3286.58,131521.35332599,195298,3255.0275514395,ETHUSD
2021-08-21 05:00:00+00:00,CBSE,3226.38,3258.92,3220.0,3247.62,10945.87035272,30960,3240.6290353606,ETHUSD
2021-08-22 05:00:00+00:00,CBSE,3241.41,3359.0,3233.19,3349.55,53497.14794725,75724,3303.3662213105,ETHUSD
2021-08-23 05:00:00+00:00,CBSE,3322.76,3351.14,3283.51,3336.79,25019.81872989,45336,3315.8329616156,ETHUSD
2021-08-24 05:00:00+00:00,CBSE,3170.94,3216.93,3155.29,3175.91,25100.22986149,51337,3189.3377507747,ETHUSD
2021-08-25 05:00:00+00:00,CBSE,3228.51,3251.05,3136.8,3158.97,29035.53075064,53179,3194.2692456662,ETHUSD
2021-08-26 05:00:00+00:00,CBSE,3092.71,3145.55,3050.0,3102.43,30228.46267639,52910,3097.0169035934,ETHUSD
2021-08-27 05:00:00+00:00,CBSE,3102.74,3283.26,3092.95,3274.67,138685.1604235,195020,3212.3159607375,ETHUSD
2021-08-28 05:00:00+00:00,CBSE,3247.99,3287.73,3153.75,3181.39,38550.52380287,57110,3225.8442567946,ETHUSD
2021-08-29 05:00:00+00:00,CBSE,3226.45,3231.68,3145.45,3166.41,26481.2316999,46966,3186.3117412007,ETHUSD
2021-08-30 05:00:00+00:00,CBSE,3229.02,3259.49,3190.56,3230.15,48045.01245069,64761,3223.5331775563,ETHUSD
2021-08-31 05:00:00+00:00,CBSE,3430.0,3461.59,3384.24,3461.59,60100.85306096,73547,3426.4857261692,ETHUSD
